X,Y,Z,Log_X,Sqrt_Y,Square_Z
4,49,42,1.3862943611198906,7.0,1764
11,42,31,2.3978952727983707,6.48074069840786,961
23,36,15,3.1354942159291497,6.0,225
47,22,49,3.8501476017100584,4.69041575982343,2401
18,16,18,2.8903717578961645,4.0,324
